1.9244588561617704e-18;1.328147661294743e-18;5.963111948670274e-19;4.0657581468206416e-19;-1.3552527156068805e-20;-8.470329472543003e-20;1.1858461261560205e-19;4.2482487249920015e-20
4.789087703394566e-06;-8.873029744851609e-07;-2.338300122138408e-06;-2.7433594910946182e-06;-5.99403936604618e-06;-5.165040197997246e-06;-3.4851575746688347e-06;-3.353681500240281e-06
7.740925335499336e-06;-5.511416351643194e-07;-2.5553829731149365e-06;-3.1039146610874576e-06;-6.7287571370771695e-06;-5.712108525174479e-06;-3.291386471699302e-06;-3.2205070400908918e-06
6.8476269276639275e-06;-4.3304380394709686e-07;-2.2861635384455197e-06;-2.7606818452466397e-06;-3.96641655372414e-06;-3.238038605475257e-06;-1.059184604446541e-06;-1.095658644746347e-06
1.8806322297683505e-06;-2.890418417731704e-06;-4.834890025103694e-06;-5.254325046858354e-06;-3.986714256793791e-06;-3.2289354089466646e-06;-1.4646139206215325e-06;-1.368067371861223e-06
-3.9086456337270134e-06;-7.340415052728969e-06;-1.006515771483603e-05;-1.0480747887311402e-05;-8.981671330597057e-06;-7.427790774924934e-06;-5.457673601329501e-06;-5.025695733668336e-06
-6.06746857466283e-06;-1.0183372298447381e-05;-1.3858703680169352e-05;-1.399691157511855e-05;-1.4044684584328092e-05;-1.1455518018709025e-05;-8.6495242760871e-06;-8.072433055395356e-06
-3.7190483553669208e-06;-9.259059183872444e-06;-1.3463135412335807e-05;-1.2677140569440014e-05;-1.3808851111319565e-05;-1.0909298968998606e-05;-7.304116349238015e-06;-7.008216855032145e-06
-9.162560645563345e-07;-6.9285610880366e-06;-1.1493556720695863e-05;-9.117131752005696e-06;-9.696986561995024e-06;-7.472797881907265e-06;-3.6882036377494802e-06;-3.8082184914786758e-06
-1.8504741523376906e-06;-7.0401588517173165e-06;-1.2537594021453356e-05;-8.386837468731594e-06;-7.921726949642529e-06;-6.537329486917583e-06;-3.1438952388556333e-06;-3.3400795837518067e-06
-5.42186506317165e-06;-9.47712499354594e-06;-1.659266960620484e-05;-1.1216342959493062e-05;-1.0976231878061651e-05;-9.609128858855748e-06;-6.691400756954683e-06;-6.602055677474508e-06
-6.429420137658268e-06;-9.835440119315575e-06;-1.8479409097543273e-05;-1.2977207289418318e-05;-1.4286350139028799e-05;-1.212738945260972e-05;-9.430223734887164e-06;-9.199216364080636e-06
-2.358193309689267e-06;-5.279575875189916e-06;-1.4585855960130625e-05;-1.009974789109767e-05;-1.2595758985442438e-05;-9.808303541376416e-06;-7.18274624309721e-06;-7.345341202814643e-06
2.8967361697727998e-06;9.956427099429375e-07;-8.26904911240083e-06;-5.341789053524778e-06;-7.386485083394073e-06;-4.8470365509847505e-06;-2.41405607990874e-06;-3.264771717417949e-06
3.658887603543424e-06;3.006495199330507e-06;-6.330046759437321e-06;-4.52579125000756e-06;-5.125450929990365e-06;-3.295593774249253e-06;-1.1830564470037767e-06;-2.4432951127070913e-06
-2.7215573572737404e-07;-8.083963055622158e-07;-1.0788060647521096e-05;-8.903007808571788e-06;-8.627378579123742e-06;-7.0106854938009224e-06;-5.046366099101923e-06;-6.2644236284721195e-06
-3.3130165878968957e-06;-5.713876671753669e-06;-1.6534286081416506e-05;-1.3409827654790833e-05;-1.3237925633610734e-05;-1.1135463375438776e-05;-8.907132967923196e-06;-1.0059678953944258e-05
-1.4584252833508519e-06;-6.673281092452803e-06;-1.7829344990979762e-05;-1.3202022837065057e-05;-1.3030571128230814e-05;-1.0543264302705805e-05;-7.798146161983435e-06;-9.291848775309446e-06
2.441581467864471e-06;-4.281592762857498e-06;-1.4933582227628063e-05;-9.649757356402502e-06;-8.58922469080197e-06;-6.468118275698917e-06;-3.4473026840666835e-06;-5.5210138185036484e-06
2.5685554831252836e-06;-3.0536169965230726e-06;-1.2458914883107445e-05;-7.873491065516196e-06;-5.903201764864965e-06;-4.4016565128541806e-06;-1.7455724975446281e-06;-4.081938276674603e-06
-1.8660206707115333e-06;-4.7610585111226e-06;-1.2353870031315284e-05;-9.452427969828376e-06;-8.029927750874118e-06;-6.343637816018252e-06;-4.625142030852511e-06;-6.701919511908744e-06
-5.340582649170908e-06;-6.1826325544170045e-06;-1.1598668778608278e-05;-1.0551206955418732e-05;-1.1049749260222373e-05;-8.236355875295133e-06;-7.52759514897731e-06;-9.244743221227114e-06
-3.303362254881005e-06;-4.1733786852064925e-06;-7.532949697928312e-06;-7.89176676763064e-06;-9.76099601620976e-06;-6.022575250781147e-06;-5.853747863901263e-06;-7.612642366792733e-06
1.7799392463859192e-06;-5.605253488424802e-07;-2.720242175445375e-06;-3.923729593075472e-06;-5.098672750912512e-06;-1.6857002609361073e-06;-1.447343273810756e-06;-3.581990967627239e-06
3.825931866650655e-06;3.4506337042446535e-07;-1.953304898768193e-06;-3.671698677367913e-06;-2.9447877840734326e-06;-6.973256741991313e-07;-1.1354738265688039e-07;-2.4370588155590957e-06
1.3224303330850015e-06;-1.8930761511564768e-06;-5.371081906623289e-06;-7.505296423834551e-06;-5.970777252603806e-06;-4.3109423762753535e-06;-3.5821422947055563e-06;-5.6166261006220635e-06
-1.0137079148574564e-06;-2.9328870427358867e-06;-7.753334666780791e-06;-1.0172812681205836e-05;-9.913073811045442e-06;-7.571725174460275e-06;-7.060465633417727e-06;-8.62422296257054e-06
7.252092115004634e-07;3.7180934000481875e-08;-5.560125602490547e-06;-7.827310695611076e-06;-9.46769032129899e-06;-6.006682512323349e-06;-5.788702707596635e-06;-7.165308764562138e-06
3.846510434837535e-06;3.726780938398107e-06;-2.035733271817076e-06;-3.418459494229138e-06;-5.594687812099159e-06;-1.7853512096736947e-06;-1.5377944175696346e-06;-3.069903989842539e-06
2.8796431352028735e-06;3.0498285151527084e-06;-2.7405395303427022e-06;-2.6694188173434e-06;-3.950268361760619e-06;-6.590686793003636e-07;-8.953996107871155e-09;-1.7269140951830363e-06
-2.190406410316307e-06;-1.1497383953375823e-06;-7.26893995370207e-06;-5.923293252185438e-06;-6.587829984185223e-06;-3.763946504547273e-06;-2.7202670986938673e-06;-4.482837815106672e-06
-5.103622410691856e-06;-2.1693625304620363e-06;-8.893877076907336e-06;-7.298972102297757e-06;-8.70767363639578e-06;-5.7866633275888595e-06;-4.741206378793372e-06;-6.601058179027567e-06
-1.769510193103425e-06;3.581273127822864e-06;-3.5842825224725983e-06;-2.867122293066195e-06;-5.3704031924898874e-06;-2.3607053766656935e-06;-1.5959419521991747e-06;-3.782619862883525e-06
3.3742428985597306e-06;1.0488185181539443e-05;3.5305956699066852e-06;3.192011892925344e-06;9.840042360775678e-07;3.3920156447757215e-06;4.1481580555899715e-06;1.6213273028629756e-06
2.2704141020119347e-06;9.553730828631951e-06;3.572713245894623e-06;3.277577302885837e-06;2.947474035295894e-06;4.45483283670104e-06;5.872203052973131e-06;3.398120441095195e-06
-6.37139001134742e-06;-2.9302671338487336e-07;-4.926453097998614e-06;-3.6878297357871787e-06;-2.149929165269061e-06;-7.661888920630247e-07;1.7074266180644344e-06;-2.7888248803003636e-07
-1.502039100056816e-05;-1.014531141413911e-05;-1.3683020234048294e-05;-1.0354432874203919e-05;-8.340869729778216e-06;-6.040893080930622e-06;-2.8726680687942355e-06;-4.355558050238918e-06
-1.6472170539530185e-05;-1.1463674238526008e-05;-1.4479711472198025e-05;-9.928997401610593e-06;-8.497535662924241e-06;-5.2918283275083035e-06;-2.2927380659645736e-06;-3.6177986434888902e-06
-1.2462612238734296e-05;-6.027190035236789e-06;-8.811352706812495e-06;-4.5552427832177035e-06;-3.495110237383105e-06;-4.6060949332119903e-07;1.7486530000512968e-06;3.8209436547349264e-07
-1.0602930206501769e-05;-2.869124574125852e-06;-5.17048040098728e-06;-2.1736694278124666e-06;-8.157853152593836e-07;1.2680471132407247e-06;2.7956193200546266e-06;1.5729761131224925e-06
-1.4155882498242847e-05;-6.55994982080533e-06;-8.036623844613414e-06;-6.181132452474255e-06;-4.5236761903681135e-06;-2.8984144000690643e-06;-1.4463510765247803e-06;-2.318606368921232e-06
-1.8396361193519014e-05;-1.2126725904721185e-05;-1.3093262209162347e-05;-1.1558033016927828e-05;-1.0078648326537473e-05;-7.847787759579425e-06;-5.979586885106931e-06;-6.713303175355795e-06
-1.7734706721874005e-05;-1.2570974360707206e-05;-1.416665756461608e-05;-1.209839163889224e-05;-1.0745408748814607e-05;-7.680878171742033e-06;-5.3500269988668115e-06;-6.427560503863179e-06
-1.3344577605846914e-05;-8.288684976265364e-06;-1.1729753189965443e-05;-8.614687717560372e-06;-6.663773290941433e-06;-3.620961778073362e-06;-1.0530661016796828e-06;-2.627485149928e-06
-1.0830343705100096e-05;-5.729946147811837e-06;-1.1295310517168252e-05;-7.0708167892773795e-06;-4.2030088812452454e-06;-1.9560664786419387e-06;6.616444270277218e-07;-1.0065530384294236e-06
-1.1886947742875459e-05;-7.972621381648668e-06;-1.4689830164266087e-05;-9.782137241827964e-06;-6.845554730728725e-06;-5.136128039335615e-06;-2.561550678541945e-06;-3.866272542337923e-06
-1.2021404282719334e-05;-1.0620673569647527e-05;-1.6936095499461097e-05;-1.2152559251203928e-05;-1.0414783394482194e-05;-8.444540338337822e-06;-6.039668946237807e-06;-7.0623750576160724e-06
-7.681219791377721e-06;-8.749111449152824e-06;-1.3528032706080747e-05;-9.575209461917879e-06;-9.319245372393678e-06;-6.866375510988168e-06;-4.756891038437022e-06;-5.96105802917113e-06
-2.4697941153473796e-06;-4.784153811911396e-06;-7.794650912496565e-06;-4.688289667885767e-06;-4.953619322033097e-06;-2.5024978038190774e-06;-5.787672798587142e-07;-2.0676086218846088e-06
-3.211912784818738e-06;-5.851792986749794e-06;-7.559018341087126e-06;-4.574759158444055e-06;-4.295140192732179e-06;-2.061300378095178e-06;9.683970680761829e-08;-1.081878935954845e-06
-1.0792135361287637e-05;-1.3833680609175824e-05;-1.4929304200427257e-05;-1.1301486775904814e-05;-1.0328070353655691e-05;-7.690610869414097e-06;-4.87531527373829e-06;-5.059858691344915e-06
-1.8365942560389064e-05;-2.188509863798429e-05;-2.297377377428759e-05;-1.864444506760345e-05;-1.7467623281279054e-05;-1.372316775998663e-05;-1.0248081755633805e-05;-9.509752773295606e-06
-1.9639202194800365e-05;-2.2631609596413252e-05;-2.4042669776977788e-05;-1.9656622179975315e-05;-1.848850464272436e-05;-1.392809168106734e-05;-1.0251677006335008e-05;-9.41240127975715e-06
-1.6327154789995025e-05;-1.734030904957416e-05;-1.896260042980557e-05;-1.5175415736110552e-05;-1.3760459307864646e-05;-9.532024157846255e-06;-6.131830665617881e-06;-5.891224118180132e-06
-1.492415671751846e-05;-1.3815108760572213e-05;-1.5066210897628247e-05;-1.2042930855761617e-05;-1.0281250949272784e-05;-7.152202094357152e-06;-4.124259101424375e-06;-4.3825737310351255e-06
-1.7573791639133616e-05;-1.585273752860459e-05;-1.6082089833780476e-05;-1.3714125143546531e-05;-1.1960032836786134e-05;-9.6261988540611e-06;-6.7607263828868085e-06;-6.969914737032192e-06
-1.9730083185682236e-05;-1.8675742041257392e-05;-1.7756758163571526e-05;-1.6052590000424305e-05;-1.454634950825153e-05;-1.2316338116082076e-05;-9.511232287082768e-06;-9.537772491315199e-06
-1.7425563745738964e-05;-1.629661317770099e-05;-1.4855145540458428e-05;-1.3698816386986655e-05;-1.2034670148419119e-05;-9.845463095735651e-06;-7.278296575035328e-06;-7.629541832448393e-06
-1.3482440060464621e-05;-1.0324385376781029e-05;-9.313940137594717e-06;-7.862494539073497e-06;-5.504700403041277e-06;-3.809815082913983e-06;-1.655846565847817e-06;-2.799724564965581e-06
-1.3596547020753167e-05;-7.869081662348713e-06;-7.789304081647709e-06;-4.6434552046115224e-06;-1.9416536780507757e-06;-7.157750148192293e-07;1.1806661555767063e-06;-5.36661708536619e-07
-1.785541505445898e-05;-1.1503305793645629e-05;-1.1956397836040707e-05;-6.453926028943523e-06;-4.63159739206034e-06;-3.064739159325979e-06;-1.0311891872966185e-06;-2.668341589325514e-06
-1.979897628531453e-05;-1.5261392936258043e-05;-1.522421104977917e-05;-8.625752333910183e-06;-8.490159553319428e-06;-5.960161034483346e-06;-3.5927446316798152e-06;-4.863200975269161e-06
-1.506431991566559e-05;-1.2702495438938818e-05;-1.1216378414453184e-05;-6.1124744394208674e-06;-7.004809865994988e-06;-4.02163397216192e-06;-1.5336421629927127e-06;-2.7735609795202248e-06
-7.769388321514755e-06;-6.0088162274053e-06;-2.782385144589047e-06;-9.307112614472202e-07;-1.3431765045681063e-06;9.411320922717469e-07;3.213819919945462e-06;1.6623371333781005e-06
-5.6740287009021965e-06;-3.5295653683181877e-06;9.3084705434334e-07;2.0083485900100053e-07;9.847444502395445e-07;2.194544650539514e-06;4.208075174060028e-06;2.614275060665075e-06
-1.0170013412303866e-05;-8.607561022295251e-06;-3.893726055994405e-06;-4.893920493880902e-06;-3.684857537000215e-06;-2.6651820702446814e-06;-6.465837500165311e-07;-1.6803378214346278e-06
-1.4702897923041648e-05;-1.4868752489510956e-05;-1.0818552874812423e-05;-1.0461127459618035e-05;-1.0018931686200962e-05;-8.170859812080832e-06;-5.946892769838519e-06;-6.3143050850281075e-06
-1.3677515633799816e-05;-1.447023071236504e-05;-1.1472537448996102e-05;-1.013726415776687e-05;-1.063760446508415e-05;-8.110556202511879e-06;-5.769327628134349e-06;-6.123708434192916e-06
-9.827563652285259e-06;-8.415721017964294e-06;-6.262909136687918e-06;-5.271820177226222e-06;-5.806022824737643e-06;-3.72237934182869e-06;-1.3995529026407471e-06;-2.452848164480927e-06
-1.0084969345157955e-05;-5.079586463934663e-06;-3.300159509432354e-06;-2.979158511027749e-06;-2.7590525182191286e-06;-1.8558042598425822e-06;6.112926586859999e-07;-1.098228471193211e-06
-1.5870162104882247e-05;-9.076067231902438e-06;-7.412360027593976e-06;-6.657567929929838e-06;-5.821153690747717e-06;-5.704366560489541e-06;-2.7269707705200706e-06;-4.363916708484004e-06
-2.1143761638852136e-05;-1.5398604198746065e-05;-1.4009093728880608e-05;-1.1725011878979002e-05;-1.0827753261935764e-05;-1.0682203008193542e-05;-7.136776128836571e-06;-8.089401279176298e-06
-2.0656378648584167e-05;-1.6369651262495882e-05;-1.5605394376998395e-05;-1.2081294533937978e-05;-1.119882001510705e-05;-1.08212490121679e-05;-7.240376475851177e-06;-7.5450077112274735e-06
-1.6904014782322406e-05;-1.173557018044963e-05;-1.1734815487241543e-05;-8.225056089895109e-06;-6.998940105224614e-06;-6.74366154883463e-06;-3.8636121529752625e-06;-3.941657736793661e-06
-1.635509598241756e-05;-8.458549053117119e-06;-8.887928400635705e-06;-6.072679876947443e-06;-4.5389462375618325e-06;-4.4232991082257176e-06;-2.5004120269717416e-06;-2.6126683257335756e-06
-2.043358675911375e-05;-1.105480107419017e-05;-1.1151372152669035e-05;-8.537731181269546e-06;-7.392060415897501e-06;-6.81451910458158e-06;-5.415751197509458e-06;-5.562702754462829e-06
-2.3865385901141096e-05;-1.5923663180863744e-05;-1.4790684635885594e-05;-1.1735449212482596e-05;-1.152050109655094e-05;-1.0089526144990851e-05;-8.571764764084083e-06;-8.777276587351862e-06
-2.2277534745163504e-05;-1.6741632280135903e-05;-1.3843736655422639e-05;-1.0762213530776343e-05;-1.1115067429025316e-05;-9.391843923041111e-06;-7.531731826068868e-06;-7.91429043736684e-06
-1.8205656016398355e-05;-1.2919453610513263e-05;-8.524587580527136e-06;-6.63876355919886e-06;-6.783542536490762e-06;-5.7644301471616855e-06;-3.855299320065579e-06;-4.351692618353165e-06
-1.730166999575945e-05;-9.620903756947391e-06;-4.6936217438571e-06;-4.669071933578403e-06;-4.559604930028868e-06;-4.47831394035386e-06;-2.8800983295203602e-06;-3.1399699332517857e-06
-2.0516315523320407e-05;-1.026965812260087e-05;-5.666083495733544e-06;-6.870986068081104e-06;-7.314168269080569e-06;-7.325665734230347e-06;-6.0551126556492005e-06;-5.811421108016792e-06
-2.330644835273616e-05;-1.2394541174154375e-05;-8.016681500185561e-06;-9.285334949813142e-06;-1.0681359796486185e-05;-9.891141712599284e-06;-8.669584823605075e-06;-8.1237698213357e-06
-2.2573913226223066e-05;-1.2067860223559666e-05;-7.019868060226803e-06;-7.882897260429655e-06;-9.23536358566921e-06;-7.758619905609293e-06;-6.331428748731197e-06;-5.9508686550571175e-06
-2.0941741288748282e-05;-9.667825571958751e-06;-3.5175460562645775e-06;-4.440931579069993e-06;-4.2055301910570914e-06;-2.9223479877690463e-06;-1.222715521888275e-06;-1.150857174966714e-06
-2.2209013214042792e-05;-8.603112598454105e-06;-2.4197363104514445e-06;-3.959440243696174e-06;-1.860472499118437e-06;-1.2786092906390503e-06;6.588612360700057e-07;7.937079747436647e-07
-2.500512499875872e-05;-9.57887799572694e-06;-5.299421607066158e-06;-7.333034741547115e-06;-4.8190478821485185e-06;-4.566356112847849e-06;-2.43710200997108e-06;-1.851281567218563e-06
-2.4649932741292502e-05;-9.691368745779692e-06;-8.11366764984819e-06;-9.932674229239157e-06;-8.493793210114726e-06;-7.972954036539772e-06;-5.784056878849098e-06;-4.83329525529244e-06
-2.0944281522424467e-05;-7.845421908429231e-06;-7.469949175767219e-06;-8.295550255445444e-06;-7.642488637451044e-06;-6.837921404429628e-06;-4.848548338840952e-06;-3.886464457564662e-06
-2.010441532058403e-05;-7.806384509686203e-06;-6.089096011068781e-06;-5.376776199915971e-06;-3.823101689836328e-06;-3.1658282269369683e-06;-1.5942971468383514e-06;-6.467664844703552e-07
-2.6441336528172177e-05;-1.3029297793318718e-05;-8.998741856503119e-06;-6.545037609166404e-06;-3.2103033757805634e-06;-2.8467921259127717e-06;-1.6409933798646003e-06;-3.2245000323123374e-07
-3.4570476161874e-05;-1.997839607416994e-05;-1.5401663764484332e-05;-1.1632392544553449e-05;-7.753006138986894e-06;-7.356204557035199e-06;-6.2368835358357255e-06;-4.3712499036425194e-06
-3.4022846359022045e-05;-2.0458793530154726e-05;-1.823397976414689e-05;-1.4406467942506857e-05;-1.2102677978076234e-05;-1.1463656564064691e-05;-1.0241462469798333e-05;-8.329714621077045e-06
-2.2075441022265942e-05;-1.1674058923103522e-05;-1.3157382976188465e-05;-1.0777290728279459e-05;-1.0798829038484903e-05;-1.0219358120697175e-05;-9.007932259566658e-06;-7.797842407703905e-06
-8.432099006639262e-06;-1.0776718393312414e-06;-5.1429588520381325e-06;-4.760977458195576e-06;-5.9240545049037705e-06;-5.709037352487649e-06;-4.749971691067766e-06;-4.369235514145439e-06
-4.592417007279984e-06;1.5788378811278737e-06;-2.9624782254173993e-06;-3.6417005574103964e-06;-4.4381667564617755e-06;-4.23945813253901e-06;-3.5637301007177704e-06;-3.333469195858581e-06
-1.029582607128967e-05;-4.103959102913664e-06;-8.093320595921831e-06;-8.451450982584479e-06;-8.673715471628859e-06;-7.790344422396634e-06;-7.161310552984116e-06;-6.384295819965941e-06
-1.3994978748590179e-05;-8.645358958618685e-06;-1.2617132028836843e-05;-1.2469551792852057e-05;-1.2991895431220719e-05;-1.142186351672577e-05;-1.0623016752676623e-05;-9.390174393355437e-06
-6.874811995155172e-06;-4.2851268041137626e-06;-9.256479053422305e-06;-9.899489301074194e-06;-1.131989133392427e-05;-1.0113731769194173e-05;-9.18705816286923e-06;-8.226860818616155e-06
6.796614049817877e-06;5.686251413947196e-06;-7.162818405046e-07;-3.359997661837264e-06;-5.436062577593437e-06;-5.654541555379995e-06;-4.7577074408937605e-06;-4.564205605279999e-06
1.5410168283421747e-05;1.1484510191894619e-05;3.840200395674193e-06;-3.451973711138213e-07;-2.7105939364528348e-06;-4.144522143704314e-06;-3.2393869645954315e-06;-3.5776354550947714e-06
1.3852863568214946e-05;8.977127842886904e-06;3.999467742314092e-07;-3.6035122986191614e-06;-6.354518555744196e-06;-7.637557920574325e-06;-6.498300407283089e-06;-6.8002622298710565e-06
8.173490975577134e-06;3.872378379461098e-06;-5.353639269956809e-06;-8.143331809431852e-06;-1.1324775296984783e-05;-1.1384387428217002e-05;-9.966284065936893e-06;-9.983598157240277e-06
6.706362842629247e-06;3.4683370071693375e-06;-5.984742405432163e-06;-8.26873619374214e-06;-1.1234062144198934e-05;-1.0335380272970114e-05;-9.007304279206168e-06;-8.90390606944953e-06
1.0187578449004342e-05;7.44792038497426e-06;-1.8034746901464936e-06;-4.783305909953711e-06;-6.752973061095511e-06;-5.9295228212642584e-06;-5.159867445294376e-06;-5.087728552313406e-06
1.3102366960401001e-05;9.576225618629266e-06;5.221202391015862e-07;-2.8737395331117214e-06;-4.185047607473317e-06;-3.921149421265473e-06;-3.721306163096117e-06;-3.5867447297836497e-06
1.2472095481693324e-05;6.935837636585975e-06;-2.453159454343255e-06;-4.380558551190578e-06;-6.577267892778193e-06;-6.448734628470767e-06;-6.26056769535353e-06;-5.979655564934859e-06
1.1377734238070486e-05;3.813008036517116e-06;-6.417850329166986e-06;-5.479649852221371e-06;-9.711562921704668e-06;-9.27061538968388e-06;-8.537842134731557e-06;-8.297062367595336e-06
1.3231581829735103e-05;5.40566713066513e-06;-5.596075949024974e-06;-2.674322734834498e-06;-8.245100484421138e-06;-7.780565248085656e-06;-6.592424801790905e-06;-6.655734871606932e-06
1.6119509090561468e-05;1.0603376827597073e-05;-6.758852954879895e-07;1.801034381525491e-06;-3.2150399858072294e-06;-3.3119698309375933e-06;-2.363983230051614e-06;-2.6812354112204463e-06
1.5715116184076162e-05;1.3772357848860058e-05;2.5360330414108117e-06;3.0225475327019433e-06;-4.5217623392953074e-07;-1.055270912924153e-06;-9.346508656938535e-07;-1.1694506787053711e-06
1.22134789404915e-05;1.2547289047494233e-05;1.375376345785881e-06;4.849037464179295e-07;-2.3760558367054365e-06;-2.7720314821378973e-06;-3.337346633736431e-06;-3.343354953331584e-06
1.0811027919682681e-05;1.0662348290573723e-05;-2.1811618247554983e-07;-9.535486086032776e-07;-4.762322405955807e-06;-4.560302638670259e-06;-5.077298314689636e-06;-5.1702495350770485e-06
1.4519078878956482e-05;1.2144492909796947e-05;2.2979082598531054e-06;2.062240730333584e-06;-2.9871666678095893e-06;-2.7327562246662345e-06;-2.57106055667068e-06;-3.156735656455283e-06
1.9457274255714398e-05;1.548433477323812e-05;7.300086710088994e-06;6.27105923068532e-06;1.1633460760646856e-06;6.343781535274068e-07;1.499655235417836e-06;4.946497879120379e-07
1.9737546249992916e-05;1.6090826949798694e-05;9.115069149962201e-06;5.9003249660694425e-06;1.8914859143308798e-06;5.05943358635243e-07;1.6234179080304074e-06;7.451244727220718e-07
1.5409810312863332e-05;1.3260825417958394e-05;5.970471779972401e-06;6.379176445060644e-07;-2.2790448642395035e-06;-3.7821898779594575e-06;-2.870915785069237e-06;-3.2295071758964353e-06
1.2452241689867591e-05;1.147880314534175e-05;2.6072168265645534e-06;-3.4579371945502957e-06;-5.94605067510448e-06;-6.994332681603553e-06;-6.500627884365784e-06;-6.564051715254829e-06
1.4534729802603949e-05;1.393700036879931e-05;3.7334177755512273e-06;-1.7070082229175886e-06;-3.949527997604987e-06;-4.767979684926808e-06;-4.775476597898905e-06;-5.069863192949334e-06
1.7899181282596884e-05;1.7522437192822756e-05;7.430471838193654e-06;3.073552091631312e-06;1.477292029968566e-06;3.9570347401551593e-07;-2.2139656859579403e-07;-8.700641698958658e-07
1.6657439333772595e-05;1.6786206584472156e-05;7.775415424727291e-06;4.361161962294766e-06;3.5216706771464917e-06;2.2624951379219145e-06;9.967899372249412e-07;4.509284852680409e-07
1.1291805490542184e-05;1.161297236688781e-05;3.0731012330411853e-06;4.875554298960027e-07;-1.4103727920630358e-07;-1.00453812513105e-06;-2.6856372192366498e-06;-2.664772451381538e-06
8.334498577448402e-06;7.660436015878206e-06;-1.7695965005289462e-06;-3.547870507078542e-06;-4.406428696411755e-06;-4.707030267634374e-06;-6.286928245753625e-06;-5.7925003143934384e-06
1.126448567496935e-05;8.518642145824174e-06;-2.0373364221953124e-06;-3.2427882692000567e-06;-3.932944602264154e-06;-4.283948708767496e-06;-5.226070190827514e-06;-4.699722047721375e-06
1.5113646571359579e-05;1.0409479505063329e-05;3.4375633940896965e-07;-7.785519937480718e-07;-5.513160543343037e-07;-1.5671496966025264e-06;-1.6290056074395047e-06;-1.1411782929951866e-06
1.2676781537387634e-05;7.266846842376301e-06;-2.3783835239595897e-07;-1.7533135541019079e-06;-5.883984344036631e-07;-1.9969410431902845e-06;-1.3504946899031723e-06;-3.415677656153902e-07
4.4598107213669985e-06;-2.894117185771696e-07;-4.810835370757001e-06;-7.08075636117792e-06;-5.820706698795412e-06;-6.7049535676162215e-06;-5.839058274593202e-06;-3.735999490863963e-06
-1.2295395117967265e-06;-4.713771184809934e-06;-7.942832916708138e-06;-1.1375004912962498e-05;-1.0642338390769437e-05;-1.0533691213117256e-05;-1.003180517376533e-05;-6.99862056661413e-06
1.3029728487681325e-06;-1.1320031162847795e-06;-5.200776786721823e-06;-1.0150359723749326e-05;-9.53801250891639e-06;-8.901996773964564e-06;-9.150626105578003e-06;-6.023221440446211e-06
7.766291242012366e-06;5.7561588835993555e-06;2.570941645924454e-07;-5.963405885358198e-06;-4.645452377074853e-06;-4.154291222825885e-06;-5.085735374774437e-06;-2.529369553660418e-06
9.53520427289566e-06;7.29700340206576e-06;1.4635326089168185e-06;-4.870028647743763e-06;-2.827609720106508e-06;-2.5208469657740345e-06;-3.577485031016488e-06;-1.4922644484387246e-06
4.818962694059961e-06;1.93590516760103e-06;-3.1172282476609153e-06;-8.062961062588593e-06;-6.242452854838426e-06;-5.727391767446664e-06;-6.194978823004949e-06;-4.07151763298062e-06
6.680713978703644e-07;-2.839617857396706e-06;-7.461181266976745e-06;-1.019765071079182e-05;-9.359615776370191e-06;-8.698540868980886e-06;-8.223746953556007e-06;-5.936698441169533e-06
3.3149987423905774e-06;-4.126342291460713e-07;-6.110402540568404e-06;-6.884031803598733e-06;-6.699332062917607e-06;-6.5563018104419435e-06;-5.427901013012292e-06;-3.4245231087654628e-06
9.903605913602186e-06;6.305603530558173e-06;-1.5207118196655742e-06;-1.0774385798012097e-06;-6.63009151462442e-07;-1.3705598660189515e-06;-2.868426254662894e-07;1.0486361484822299e-06
1.23492316523035e-05;8.826960343531965e-06;-6.918608956983543e-07;4.564030146173622e-07;1.4043428528289338e-06;5.465108544958628e-07;1.0574347279124786e-06;1.992860609315408e-06
7.93641375866302e-06;4.27308395898365e-06;-5.620728709630036e-06;-3.988331338936339e-06;-2.9456323910818764e-06;-2.9262795004951755e-06;-2.9265346685625356e-06;-1.74395101438274e-06
2.3332796900288203e-06;-1.2594164642909598e-06;-1.0707705318864719e-05;-8.857681521061943e-06;-7.93409884817492e-06;-7.0657196457903884e-06;-6.997058560333179e-06;-5.319045369715979e-06
1.5491703287637834e-06;-1.2592947993700105e-06;-1.0539051713459742e-05;-8.697867027305313e-06;-7.328440486171079e-06;-6.9019404288819515e-06;-6.141773265629501e-06;-4.369811564178722e-06
4.209008345603857e-06;2.5893884771228644e-06;-7.194328388199472e-06;-5.058269957034813e-06;-2.695321972108846e-06;-3.8117814365846108e-06;-2.1973388593402114e-06;-7.803391678305937e-07
4.617566644343047e-06;3.4611247734936336e-06;-6.895858410675964e-06;-3.6521958676555754e-06;-8.741218255321981e-07;-3.0166347941677784e-06;-1.0283660464779502e-06;1.5447732633973052e-07
1.646334501330068e-06;-5.713759214475539e-07;-1.0827696268531637e-05;-6.0232341825086915e-06;-4.279455305382864e-06;-5.7272775621815665e-06;-4.235211458378273e-06;-2.8191547228789e-06
6.209153958997102e-07;-3.6586806853726754e-06;-1.3127094607659527e-05;-7.412146343487448e-06;-7.510330713284233e-06;-7.204180417573616e-06;-6.9159551732936065e-06;-5.216641404307169e-06
5.431229714566673e-06;-4.811525230052774e-07;-9.11824810393379e-06;-3.757088103732275e-06;-4.964058851260428e-06;-3.6208600044510447e-06;-4.590755398088318e-06;-3.197108995972127e-06
1.2113708301425444e-05;5.918535364874387e-06;-2.324623584087362e-06;2.0643851798811267e-06;1.0969277348174262e-06;1.8871680310893587e-06;3.070353738256937e-07;8.688102605032373e-07
1.3431050908740928e-05;7.907233742319693e-06;-2.0047353439063206e-07;3.697825053401455e-06;3.341835405453928e-06;2.883261660108429e-06;1.5376894037164623e-06;1.5337661318296161e-06
8.618524088682342e-06;3.6605754139454436e-06;-4.084121614726058e-06;-7.161030905766547e-08;-6.676931720782478e-07;-1.6502171315972881e-06;-2.3871859105629446e-06;-2.157332497357982e-06
4.850024700311711e-06;-1.6628130632058858e-07;-7.1887967191354755e-06;-3.427198318069506e-06;-5.0088070909766285e-06;-5.517679644176883e-06;-5.951112927694276e-06;-5.140740140457323e-06
7.927094464526174e-06;2.5822263769605764e-06;-3.689248499122292e-06;-1.16370669362185e-06;-3.3139785796972693e-06;-3.297306859289246e-06;-3.9584106022074725e-06;-3.133489264803319e-06
1.4363603808351826e-05;9.023029544584428e-06;3.309671586576991e-06;4.414459007142247e-06;2.61947670248491e-06;2.457411358874637e-06;1.4198096078071438e-06;1.4784785970321073e-06
1.580258449560587e-05;1.0964009275462043e-05;5.902318198903328e-06;6.729178528857465e-06;5.294674994785645e-06;4.643822382722199e-06;3.5419008182699453e-06;2.824274582072079e-06
9.895846184436647e-06;5.873122464502179e-06;1.9837423460160905e-06;3.7618864660177447e-06;1.6061541467582896e-06;1.0493756035578823e-06;1.6297202143329632e-07;-5.447485511316036e-07
3.4059887242184365e-06;3.7653057016978717e-07;-2.0078518632203135e-06;4.921358607577514e-07;-3.1172100085879436e-06;-2.894912727180595e-06;-3.754174192887045e-06;-3.7996205240026846e-06
3.4646395435479005e-06;1.507840547457142e-06;5.1769220627830796e-08;1.7675637811341485e-06;-2.541802292259078e-06;-1.6976418884434742e-06;-2.9651456488969784e-06;-2.5192411933757677e-06
8.621244181447303e-06;7.493961197134436e-06;5.661039609889816e-06;5.589661145894234e-06;2.0757039115216645e-06;2.7086822939744267e-06;9.727391535248759e-07;1.3162763518481998e-06
1.1460292003055879e-05;1.0456855581304639e-05;7.295430628151563e-06;6.116726678502169e-06;3.8610365204264085e-06;3.8454534191869634e-06;2.162476270803175e-06;2.259425229525656e-06
8.752440999388158e-06;7.142579508039395e-06;2.891323052219561e-06;2.0848683653470384e-06;5.7054529798024854e-09;-1.4486877502502813e-07;-1.2260258578765104e-06;-8.996779059944169e-07
5.435575952051166e-06;3.1465511035907545e-06;-1.1745326808728263e-06;-1.124680885264157e-06;-4.230891383377841e-06;-3.7436815168754396e-06;-4.347289073778357e-06;-3.3998889228517066e-06
7.417035594015271e-06;5.113792627620118e-06;1.2757790141680776e-06;1.2473592534603239e-06;-2.687625151845597e-06;-1.581004190530163e-06;-2.4634181917243458e-06;-1.163615494739348e-06
1.3367681720617155e-05;1.1639377706229928e-05;7.735408092787461e-06;6.692341927541168e-06;3.2110516366062663e-06;4.048625522724817e-06;2.3301773851963547e-06;3.3806562482887385e-06
1.6629326337155642e-05;1.5148796433837864e-05;1.0276402748420695e-05;8.63551306649825e-06;6.287159556581979e-06;6.079467255694091e-06;3.84739179648722e-06;4.445248215955706e-06
1.4207116732136782e-05;1.1894912412969483e-05;6.046651689800759e-06;5.1113505620799336e-06;3.1647328288266733e-06;2.0855982656228106e-06;2.512487086113853e-07;7.299624697086815e-07
1.039581951706094e-05;6.508195511806519e-06;7.939833488488724e-07;1.0769401303954902e-06;-1.473151265297181e-06;-2.5768901995585415e-06;-3.490884298496315e-06;-2.8273937721440613e-06
1.0405721191622595e-05;5.401094023164618e-06;9.065396220290351e-07;1.3998128365721573e-06;-1.5495783594971977e-06;-2.084705894774588e-06;-2.489398701594661e-06;-1.788218596665628e-06
1.3088527467830773e-05;8.300592715854789e-06;4.893497862339146e-06;4.205173933849004e-06;2.1086674048284115e-06;2.072181770908902e-06;1.3547913758111627e-06;1.7990127687523097e-06
1.2936497746896935e-05;9.375774252934278e-06;5.881389164008805e-06;3.8087005169856205e-06;3.2350322651587306e-06;3.4222190467079187e-06;2.1321422709351376e-06;2.4078432500545536e-06
8.235415877134154e-06;5.77608910637135e-06;1.3438643853472656e-06;-9.90292669466816e-07;-9.171881594526368e-07;-4.5240713108505887e-07;-1.7538368402049928e-06;-1.2280731218348566e-06
3.82227662642262e-06;1.5211378159865835e-06;-3.3214324739168984e-06;-4.829959108581107e-06;-5.554810115056155e-06;-4.605092921429178e-06;-5.26490703130566e-06;-4.339077408599513e-06
4.675043725483729e-06;1.7037716503781782e-06;-2.088162791099473e-06;-2.8861030215861206e-06;-4.773031285316883e-06;-3.5383356847806916e-06;-3.638413908118061e-06;-2.7192494493217767e-06
9.255025237558685e-06;5.414367840358731e-06;3.658164787528591e-06;2.540003843247104e-06;4.5048578915525116e-07;1.3149584860884392e-06;1.0464442622668972e-06;1.458778992283891e-06
1.1830632070559846e-05;7.322168242116726e-06;7.186667778254848e-06;4.990225187187112e-06;3.6373501639714873e-06;3.6885831718222977e-06;2.7686456425798942e-06;2.6785284376929564e-06
1.0248294177923152e-05;5.348742083457038e-06;5.468943748161768e-06;2.349717381621569e-06;1.5103113502227617e-06;1.0629314251310313e-06;-1.4791240181682297e-07;-2.9898040040435994e-07
8.41499531069735e-06;3.5604532840750967e-06;2.8107310325772546e-06;-5.985253770103257e-07;-1.926160608943891e-06;-2.1163026211716026e-06;-2.848985475082706e-06;-2.788676784426602e-06
1.0194868269246477e-05;6.171182768974182e-06;4.373259303075004e-06;1.0958589101677093e-06;-1.2728270747625699e-06;-8.278134380830429e-07;-8.714595661524796e-07;-7.779986265357731e-07
1.382879315764364e-05;1.1389674720897096e-05;8.943532243807701e-06;5.923059687273696e-06;2.849434926973938e-06;3.5966471075960616e-06;3.5571348943052054e-06;3.4340049345793455e-06
1.4736060050067352e-05;1.3774207363486497e-05;1.0815171906022577e-05;8.287017931880207e-06;5.0826875518331246e-06;5.5691401235819546e-06;4.64016569620358e-06;4.416798025707689e-06
1.2482484083192768e-05;1.1765193231989823e-05;7.853478098415181e-06;6.287152493137261e-06;3.1447838833985765e-06;3.178197217686398e-06;1.1881725631264226e-06;1.1861767294853727e-06
1.1545739709398618e-05;9.714419018869538e-06;4.351394110913703e-06;4.044285568821659e-06;9.747779046479453e-07;7.301292759740824e-07;-1.6184537339692713e-06;-1.3886537459381675e-06
1.446118823381895e-05;1.144401124627566e-05;4.783665296114706e-06;5.505712120218204e-06;2.7695439533890727e-06;2.385340221800912e-06;5.438920435341373e-07;6.206119253156383e-07
1.720488583209338e-05;1.4479893185103375e-05;7.436999041738647e-06;8.638295247499674e-06;6.550846373704137e-06;6.004208495846746e-06;4.947601601518241e-06;4.5927390808163115e-06
1.4216166167371367e-05;1.3404315393274657e-05;7.028275434857933e-06;8.355223659790487e-06;6.710151831997247e-06;6.065053660455857e-06;5.44502943151102e-06;4.846628551365287e-06
6.760475990059945e-06;7.925181174717254e-06;2.7177918112951957e-06;4.140442277846641e-06;2.232867287621157e-06;1.7230615887829529e-06;1.0629181296317608e-06;5.615291300288837e-07
2.837787158956615e-06;4.289407262489885e-06;7.28982539090206e-08;1.5433168761465332e-06;-1.0607187646101879e-06;-1.3955018882462906e-06;-2.3122626931692338e-06;-2.7691207280596533e-06
7.652677878080844e-06;7.469401584690109e-06;3.782121343015956e-06;5.000299096434048e-06;2.021417146819745e-06;1.4541604312782915e-06;3.0348244469819823e-07;-5.097038374821824e-07
1.6800556028744723e-05;1.4401023407729734e-05;1.0854654327380393e-05;1.1561214609396653e-05;8.76411356423183e-06;7.544531400812494e-06;6.240108046416176e-06;4.93315664498621e-06
2.137368634802777e-05;1.756314237179459e-05;1.3892266329034722e-05;1.4303981753955707e-05;1.1659363878199319e-05;1.003600333141614e-05;8.68908733331902e-06;7.294474151499888e-06
1.867544342110377e-05;1.4419647357142879e-05;1.0377096136820292e-05;1.1086088381023849e-05;8.069830087062868e-06;6.907980474596796e-06;5.716427869746589e-06;4.664519290112296e-06
1.4763601605910373e-05;1.0215299176678382e-05;5.6890205503856315e-06;7.00943027114227e-06;3.522115620974083e-06;3.373674766051502e-06;2.5407334882065257e-06;1.645510072332871e-06
1.582158274220785e-05;1.0548673507263938e-05;5.788538560495197e-06;7.362190058723657e-06;4.123163827365547e-06;4.553189679406427e-06;4.093566389312312e-06;2.740859778765303e-06
2.007745641382239e-05;1.3913430236382762e-05;9.47992838713958e-06;1.0660388505542525e-05;8.369616249360773e-06;8.467363229989081e-06;8.191938310768354e-06;6.177542779570089e-06
2.0741053523277942e-05;1.4197528574455282e-05;1.0548353749030917e-05;1.114850309005312e-05;9.45364929993075e-06;8.958464121098885e-06;8.694802786257665e-06;6.582229305061059e-06
1.5591829391657696e-05;9.51831505571196e-06;6.670923134663616e-06;7.084874227852411e-06;4.838833192113919e-06;4.40101721267844e-06;4.175488042865493e-06;2.621022697251867e-06
1.0069506436508968e-05;5.104982644458015e-06;2.7544992439492355e-06;3.266698545650935e-06;-8.590037535246447e-08;9.7879338214449e-08;3.134378079220452e-08;-1.0554939093480907e-06
9.898265087391429e-06;6.197308943308431e-06;4.116443992059344e-06;4.309642960875055e-06;6.696897432945873e-07;9.859145304001309e-07;1.0577560682880892e-06;-2.407534395942413e-07
1.3653960798318049e-05;1.0813822971607995e-05;8.982516286224645e-06;8.084429254635308e-06;5.475035576653261e-06;4.7738542389283764e-06;4.791045333946377e-06;2.99630004579127e-06
1.5247187926810532e-05;1.2366790084051551e-05;1.0708610464854455e-05;8.533430634747176e-06;7.287281463469664e-06;5.1112251331972535e-06;4.905339212030333e-06;3.1993603596860663e-06
1.2485466543672415e-05;8.550984955039748e-06;6.742139713313087e-06;4.0665772142468295e-06;3.26267280625721e-06;4.746863762890394e-07;5.81193167930707e-08;-8.50569213494531e-07
9.748018500970249e-06;4.304210670769896e-06;2.0297550248676768e-06;-1.076100436092197e-07;-1.4081232744182857e-06;-3.5162790529157556e-06;-4.034565886051155e-06;-4.328029402917394e-06
1.1433462454877707e-05;4.930633261501609e-06;2.3112562739820283e-06;1.05412602595899e-06;-6.275436079827444e-07;-1.6408498813225625e-06;-2.233986392267376e-06;-2.8832388087631694e-06
1.56220353306417e-05;8.919746070871234e-06;6.5491745778331004e-06;5.7046138540333986e-06;4.397558993100105e-06;3.825390364905221e-06;3.0668812504614803e-06;1.4673992038499614e-06
1.6981649102087732e-05;1.0486722589202565e-05;8.92946600203169e-06;7.983706170380887e-06;7.190363811330065e-06;6.31136527750061e-06;5.265141464442016e-06;3.2240007118652294e-06
1.4519825112182302e-05;8.037692665601652e-06;7.348284763248854e-06;6.324720876796613e-06;5.205672477898889e-06;3.995908041922082e-06;2.535865252750618e-06;9.877843740196138e-07
1.2929645363711322e-05;6.495030609366195e-06;6.307563192198382e-06;5.480319399617847e-06;3.245867792694068e-06;2.163078993104063e-06;1.4324365161076392e-07;-7.604119811365939e-07
1.551511993251836e-05;1.0053031916058982e-05;1.0108901544609683e-05;9.3162406025175e-06;6.301108089959136e-06;5.547233403395874e-06;2.940869947827726e-06;1.8811439772458795e-06
1.8849602727231442e-05;1.5508317301807673e-05;1.60065608000461e-05;1.4556019432728092e-05;1.1944747868308304e-05;1.1293161884241907e-05;8.43292588859369e-06;6.550876711907977e-06
1.72964551956316e-05;1.6011822925091426e-05;1.739572998888273e-05;1.4739086682635295e-05;1.3269297999186848e-05;1.253448258565255e-05;1.0072305049573839e-05;7.738595534203135e-06
1.143343938708719e-05;1.0568361662770395e-05;1.302965139875331e-05;9.321226111836788e-06;8.524651126313933e-06;7.86089737473463e-06;6.243216917522255e-06;4.423513557965205e-06
8.260734929937388e-06;6.093231063331104e-06;9.263795890605288e-06;5.11190406331111e-06;3.929873986562385e-06;3.540937539281774e-06;2.4765022539273464e-06;1.5723084650580966e-06
1.2130555789565366e-05;8.622310575739185e-06;1.1705412745027918e-05;7.422700210232445e-06;5.350527783521607e-06;5.11201482905945e-06;3.7589998648108946e-06;3.2531717186997663e-06
1.8398322203587144e-05;1.5145388187393733e-05;1.7358941496949825e-05;1.261886310390762e-05;1.010449689455275e-05;9.703784689298793e-06;7.566676420061105e-06;6.8440372545378836e-06
1.8977666019607186e-05;1.7293133933975983e-05;1.8361937291743293e-05;1.2599059424540449e-05;1.0454552147547971e-05;9.80993462516467e-06;7.372248155471896e-06;6.516255467972318e-06
1.2844702182824609e-05;1.218349231961837e-05;1.2601350328430758e-05;5.625968826026336e-06;4.310848723303054e-06;3.6158769722235577e-06;1.8875403517410578e-06;1.3850973727886464e-06
7.5040558748301275e-06;6.0859481889820495e-06;6.887647246281653e-06;-9.297970135505257e-07;-1.4816508497746096e-06;-2.153043716432158e-06;-2.7553935556626105e-06;-2.8997275663052637e-06
9.316576161446993e-06;6.1233707159679285e-06;8.223973057348258e-06;1.9492262791234814e-07;-5.700341855333947e-09;-8.963670980241789e-07;-1.056364291216792e-06;-1.499882447456092e-06
1.5438826825452936e-05;1.1177063209939038e-05;1.4701347827157261e-05;7.029656045120657e-06;6.527996839925262e-06;5.201981155937224e-06;4.425505620957435e-06;3.1612342478590207e-06
1.7932220985055793e-05;1.4030270507847567e-05;1.823243445277787e-05;1.1309536529785155e-05;9.792084420891207e-06;8.214564537888523e-06;6.483468895950529e-06;4.6825964240065065e-06
1.430931323274584e-05;1.1325543410786222e-05;1.5267376401998452e-05;9.234369159431864e-06;6.4252097657763435e-06;4.974843298249262e-06;2.864986007775548e-06;1.236728377883219e-06
1.0345859063414517e-05;7.707015369236563e-06;1.103699032854559e-05;5.6221411992904815e-06;2.1458913592597322e-06;8.569748178763022e-07;-1.004159045523773e-06;-2.185137859030454e-06
1.18102403735788e-05;8.829429764792458e-06;1.1920016936072561e-05;6.413440229032083e-06;3.4112502126733464e-06;1.9184712955275517e-06;2.1607229001942882e-07;-8.193235384098015e-07
1.6826329929959605e-05;1.3451595721765744e-05;1.6768824893142196e-05;1.0390770356014534e-05;8.322973263695662e-06;6.4561229285764915e-06;4.358685058721093e-06;3.2970035692352546e-06
1.9125739817583975e-05;1.564297645196102e-05;1.9073130424277916e-05;1.1546738492051664e-05;9.42371029820626e-06;7.627356024011216e-06;4.954045616696767e-06;4.264375684510524e-06
1.7041207599994244e-05;1.3548103326525558e-05;1.637094674626508e-05;8.188904136526942e-06;4.4064961885443925e-06;3.315315677350855e-06;5.203152860040663e-07;6.191449898120921e-07
1.541005784102818e-05;1.1984642354840203e-05;1.3505596809879647e-05;5.595504224967392e-06;-2.6948805108639533e-07;-6.057215335142363e-07;-3.077093585717102e-06;-2.5392557505104803e-06
1.7854792311608773e-05;1.504088805918865e-05;1.5234666089925224e-05;8.334545180297315e-06;1.8746687790553176e-06;1.6972985926637992e-06;-6.502447555355569e-07;-5.957331465093347e-07
2.0990723349759567e-05;1.9410464936471896e-05;1.897205880382587e-05;1.3259342063954693e-05;8.214207244051604e-06;7.723965246881956e-06;4.915064319647051e-06;4.0763039858209475e-06
1.9154703678888013e-05;1.8460187504590775e-05;1.8262633258047246e-05;1.345525926047626e-05;1.0283291449986876e-05;9.695955361122482e-06;6.275666928792205e-06;5.231629434391749e-06
1.3023386970863692e-05;1.1720040726340651e-05;1.2224697685097653e-05;7.922538965747083e-06;5.179278887492675e-06;4.9388942604558056e-06;1.4725307208643594e-06;1.271463428966905e-06
9.475944267280686e-06;6.33943088520399e-06;7.450690410431291e-06;3.3900082755651626e-06;-4.3866702197875953e-07;-5.076959042307798e-07;-3.361863968630576e-06;-2.520573745089837e-06
1.2150072410340254e-05;7.744453634968469e-06;9.17511755049857e-06;5.325430438413679e-06;6.886088874153047e-07;4.421977204256645e-08;-2.1814463614700007e-06;-1.1283204205388864e-06
1.5773049769894328e-05;1.2002305058738034e-05;1.3741603741510618e-05;1.033075994494976e-05;6.640282065472193e-06;5.1644761566782885e-06;3.02852587490037e-06;3.4408332585191248e-06
1.2794982036582587e-05;1.0754625457263156e-05;1.3186338372771363e-05;1.0647759924218626e-05;9.064367231800883e-06;7.71036816765304e-06;5.305014594441687e-06;5.073653643952757e-06
3.866975302520433e-06;2.5188589367377808e-06;6.118846331173002e-06;4.805644690334678e-06;4.6167494666267644e-06;4.782644553659546e-06;2.338486400999146e-06;2.0197376829241786e-06
-2.2740111363105412e-06;-4.868248960020454e-06;7.960088626202295e-08;-1.4013434798378294e-07;-5.674877431134586e-07;1.455352512905685e-06;-5.966285678506374e-07;-7.713361907464118e-07
-2.71114697825061e-08;-4.38076334177386e-06;1.7276298353727454e-06;1.8943785789418558e-06;5.538255345116064e-07;3.265705254968957e-06;1.65812815165737e-06;1.3220295323529923e-06
5.568852376995007e-06;8.942293224027914e-07;7.866145778139325e-06;7.6127215800341624e-06;6.10949767112262e-06;8.076553764784064e-06;6.611069415853109e-06;5.9287247245326406e-06
5.237032339045129e-06;1.7597214465988535e-06;9.390220774431034e-06;8.534774598954677e-06;7.737292691049115e-06;8.750998582236129e-06;7.345803277530872e-06;6.7117123455281765e-06
-2.4477642069352943e-06;-4.925608284015576e-06;3.045872317735754e-06;2.2200276029749077e-06;1.9471116750411493e-06;3.025081679166786e-06;2.1024513006384864e-06;2.0215843397992674e-06
-9.210796154930992e-06;-1.2000807580997213e-05;-4.4935771583293205e-06;-4.478175956919913e-06;-5.021763040764137e-06;-3.025160509983159e-06;-2.994510739459601e-06;-2.649327947336536e-06
-7.789941046672136e-06;-1.1198925602548245e-05;-5.337572692256797e-06;-4.372414766321215e-06;-5.3313265942509045e-06;-2.7360235226969964e-06;-1.912040969993221e-06;-1.8003548006993893e-06
-9.75137615668491e-07;-3.6214937680349615e-06;-1.3496772540783292e-07;9.958524770038637e-07;3.8294859080120216e-07;2.6005795619705134e-06;3.406783046831831e-06;2.9729259810030595e-06
2.551167026623594e-06;2.0434251031467153e-06;3.722104334754272e-06;4.1123795709998114e-06;4.440469075500561e-06;5.884861647878359e-06;5.924601011932252e-06;5.440668015189868e-06
-6.728829488816075e-07;5.094749798453227e-07;2.0668026948561166e-06;1.6554765439927266e-06;2.52115853867409e-06;3.725579440802288e-06;3.012319583355257e-06;3.135878007069519e-06
-5.481194992809765e-06;-4.371942041096581e-06;-1.4320894423647517e-06;-1.7588355151420773e-06;-1.1856189694978045e-06;3.7875507620646403e-07;-3.763505394556823e-07;2.5456418911188906e-07
-6.003334150472025e-06;-5.89816967409406e-06;-1.4750084016607913e-06;-7.969715870005884e-07;-6.562692951930126e-07;1.1371044836240023e-06;1.048806786356029e-06;1.3920575142984506e-06
-3.3344033867577184e-06;-3.390086178882857e-06;1.3783288696214897e-06;3.0032557345954585e-06;3.3725155754176937e-06;4.8466125736561414e-06;5.539509301696037e-06;5.102593652511021e-06
-2.814923209318635e-06;-1.8253503741378556e-06;2.3392856483073817e-06;3.8342493971921655e-06;4.918452367201826e-06;5.9897632315044724e-06;7.0196783711813196e-06;6.210601776561493e-06
-5.798412798133676e-06;-3.97596380674809e-06;-4.946591054724291e-08;2.2938010233483457e-07;1.7370306705708063e-06;2.948264192212086e-06;3.8132141217259132e-06;3.3417042096380996e-06
-7.992121943904912e-06;-6.733168624844697e-06;-1.8175626018519732e-06;-2.740480971950192e-06;-1.2780670187878009e-06;4.5864642479394346e-07;1.0335610516471459e-06;9.225204335584817e-07
-6.2369454434894065e-06;-6.352038873692564e-06;1.0120618306922553e-07;-7.802342940261588e-07;7.849627217067413e-07;2.6937469739326826e-06;3.2685842058913215e-06;2.8026605868123108e-06
-3.6268420122931777e-06;-4.506216144168712e-06;2.531312353816267e-06;3.2138935933071627e-06;5.339191114300489e-06;6.823414902674174e-06;7.798986530318458e-06;6.498356063183393e-06
-5.292786781757532e-06;-6.02963731889615e-06;1.5233142491714088e-08;2.8623825739847674e-06;5.355335899599292e-06;6.497023466025417e-06;8.009895737939541e-06;6.343868365407746e-06
